{"cameraMode":{"drawMode":0,"name":"Shaded","section":"Shading Mode"},"sceneLighting":true,"audioPlay":false,"sceneViewState":{"m_AlwaysRefresh":false,"showFog":true,"showSkybox":true,"showFlares":true,"showImageEffects":true,"showParticleSystems":true,"showVisualEffectGraphs":true,"m_FxEnabled":true},"in2DMode":false,"pivot":{"x":0.3604467511177063,"y":3.482395887374878,"z":-1.968283772468567},"rotation":{"x":0.0190204456448555,"y":0.22014349699020387,"z":-0.004292382393032312,"w":0.9752934575080872},"size":2.9991767406463625,"orthographic":true}