{"cameraMode":{"drawMode":0,"name":"Shaded","section":"Shading Mode"},"sceneLighting":true,"audioPlay":false,"sceneViewState":{"m_AlwaysRefresh":false,"showFog":true,"showSkybox":true,"showFlares":true,"showImageEffects":true,"showParticleSystems":true,"showVisualEffectGraphs":true,"m_FxEnabled":true},"in2DMode":false,"pivot":{"x":1.0108681917190552,"y":1.73753023147583,"z":-0.7220495343208313},"rotation":{"x":0.0042043328285217289,"y":-0.713431715965271,"z":0.0042805117554962639,"w":0.7007045149803162},"size":3.278531312942505,"orthographic":true}