{"cameraMode":{"drawMode":0,"name":"Shaded","section":"Shading Mode"},"sceneLighting":true,"audioPlay":false,"sceneViewState":{"m_AlwaysRefresh":false,"showFog":true,"showSkybox":true,"showFlares":true,"showImageEffects":true,"showParticleSystems":true,"showVisualEffectGraphs":true,"m_FxEnabled":true},"in2DMode":false,"pivot":{"x":0.13380202651023866,"y":1.2844005823135377,"z":0.5136609077453613},"rotation":{"x":-0.03329842537641525,"y":-0.8841515779495239,"z":0.06376784294843674,"w":-0.4616515040397644},"size":2.571624755859375,"orthographic":true}