{"cameraMode":{"drawMode":0,"name":"Shaded","section":"Shading Mode"},"sceneLighting":false,"audioPlay":false,"sceneViewState":{"m_AlwaysRefresh":false,"showFog":true,"showSkybox":true,"showFlares":true,"showImageEffects":true,"showParticleSystems":true,"showVisualEffectGraphs":true,"m_FxEnabled":true},"in2DMode":false,"pivot":{"x":-2.2427926063537599,"y":10.940666198730469,"z":4.3983612060546879},"rotation":{"x":0.0016940454952418805,"y":-0.9965637922286987,"z":0.020930198952555658,"w":0.0802965983748436},"size":5.550610065460205,"orthographic":false}