{"cameraMode":{"drawMode":0,"name":"Shaded","section":"Shading Mode"},"sceneLighting":false,"audioPlay":false,"sceneViewState":{"m_AlwaysRefresh":false,"showFog":true,"showSkybox":true,"showFlares":true,"showImageEffects":true,"showParticleSystems":true,"showVisualEffectGraphs":true,"m_FxEnabled":true},"in2DMode":false,"pivot":{"x":-1.1094579696655274,"y":4.350925445556641,"z":37.8944091796875},"rotation":{"x":-0.0011581763392314315,"y":-0.9983236193656921,"z":0.05396200343966484,"w":-0.02156761661171913},"size":3.193134307861328,"orthographic":false}