{"cameraMode":{"drawMode":0,"name":"Shaded","section":"Shading Mode"},"sceneLighting":true,"audioPlay":false,"sceneViewState":{"m_AlwaysRefresh":false,"showFog":true,"showSkybox":true,"showFlares":true,"showImageEffects":true,"showParticleSystems":true,"showVisualEffectGraphs":true,"m_FxEnabled":true},"in2DMode":false,"pivot":{"x":-0.15184487402439118,"y":1.1041302680969239,"z":0.19545216858386994},"rotation":{"x":0.1028742715716362,"y":-0.6575735211372376,"z":0.09132534265518189,"w":0.7407271862030029},"size":4.870735168457031,"orthographic":true}