{"cameraMode":{"drawMode":0,"name":"Shaded","section":"Shading Mode"},"sceneLighting":true,"audioPlay":false,"sceneViewState":{"m_AlwaysRefresh":false,"showFog":true,"showSkybox":true,"showFlares":true,"showImageEffects":true,"showParticleSystems":true,"showVisualEffectGraphs":true,"m_FxEnabled":true},"in2DMode":false,"pivot":{"x":-0.1976182907819748,"y":3.571441411972046,"z":39.19977951049805},"rotation":{"x":0.021873585879802705,"y":0.7191608548164368,"z":-0.02266012690961361,"w":0.6941352486610413},"size":5.5006794929504398,"orthographic":true}